precision,terms,method,n,result
30,50,iterative,50,-6.89259318972533509290390494945E+35
50,100,iterative,50,-4853327918013764.2076908942401724340947556862498178
80,200,closed_form,50,-0.9800078341633271246495825947482042863683694493977032132184772706304000000000000
